Customer ID,Age,State,Gender,Device_Count,Primary_Device,First_Purchase_Date,Last_Purchase_Date,Active_Months,Avg_Satisfaction_Rate,Primary_Review,Customer_Tenure_Months,Total_Revenue,Avg_Data_Usage_GB,Total_Purchases,Avg_Unit_Price,Customer_Churn_Status,Reasons_for_Churn,Months_Since_Last_Purchase,Purchase_Span_Months,Churn
CUST0001,27,Kwara,Male,1,4G Router,2025-01-01,2025-01-01,1,2.0,Fair,2,665000,44.48,19,35000.0,Yes,Relocation,3.0,0.0,1
CUST0002,16,Abuja (FCT),Female,1,Mobile SIM Card,2025-03-01,2025-03-01,1,2.0,Fair,22,66000,19.79,12,5500.0,Yes,Better Offers from Competitors,1.0,0.0,1
CUST0003,21,Sokoto,Male,3,5G Broadband Router,2025-03-01,2025-03-01,1,1.0,Poor,60,299000,94.34333333333332,31,9833.333333333334,No,,1.0,0.0,0
CUST0004,36,Gombe,Female,1,4G Router,2025-03-01,2025-03-01,1,1.0,Poor,14,40500,92.72,9,4500.0,No,,1.0,0.0,0
CUST0005,57,Oyo,Male,1,4G Router,2025-01-01,2025-01-01,1,3.0,Good,53,144000,42.92,16,9000.0,No,,3.0,0.0,0
CUST0006,74,Plateau,Female,3,4G Router,2025-02-01,2025-02-01,1,5.0,Excellent,9,413500,31.293333333333333,13,56500.0,No,,1.9,0.0,0
CUST0007,24,Jigawa,Female,1,Broadband MiFi,2025-03-01,2025-03-01,1,5.0,Excellent,39,264000,150.3,11,24000.0,Yes,Relocation,1.0,0.0,1
CUST0008,53,Kwara,Male,1,Broadband MiFi,2025-01-01,2025-01-01,1,3.0,Good,30,510000,168.41,17,30000.0,No,,3.0,0.0,0
CUST0009,35,Gombe,Male,1,Broadband MiFi,2025-01-01,2025-01-01,1,5.0,Excellent,35,300000,175.81,10,30000.0,No,,3.0,0.0,0
CUST0010,23,Imo,Male,3,4G Router,2025-03-01,2025-03-01,1,1.0,Poor,6,355550,129.66666666666666,51,6450.0,No,,1.0,0.0,0
CUST0011,72,Bauchi,Female,3,4G Router,2025-02-01,2025-02-01,1,2.0,Fair,8,301000,14.416666666666666,12,20166.666666666668,Yes,Poor Network,1.9,0.0,1
CUST0012,78,Ondo,Male,2,4G Router,2025-03-01,2025-03-01,1,2.0,Fair,47,221000,107.24000000000001,14,15250.0,No,,1.0,0.0,0
CUST0013,23,Kebbi,Female,2,4G Router,2025-01-01,2025-01-01,1,2.0,Fair,52,54000,72.485,26,2750.0,Yes,Relocation,3.0,0.0,1
CUST0014,22,Adamawa,Male,2,4G Router,2025-02-01,2025-02-01,1,2.0,Fair,6,128500,43.379999999999995,16,11750.0,No,,1.9,0.0,0
CUST0015,70,Yobe,Male,3,4G Router,2025-03-01,2025-03-01,1,2.0,Fair,13,702000,64.23,36,18333.333333333332,No,,1.0,0.0,0
CUST0016,46,Kebbi,Male,3,4G Router,2025-02-01,2025-02-01,1,5.0,Excellent,57,424500,62.153333333333336,19,19500.0,No,,1.9,0.0,0
CUST0017,74,Anambra,Male,1,4G Router,2025-02-01,2025-02-01,1,5.0,Excellent,35,135000,57.35,15,9000.0,Yes,Costly Data Plans,1.9,0.0,1
CUST0018,54,Bauchi,Male,1,5G Broadband Router,2025-03-01,2025-03-01,1,1.0,Poor,43,360000,178.0,18,20000.0,No,,1.0,0.0,0
CUST0019,50,Cross River,Male,2,4G Router,2025-03-01,2025-03-01,1,2.0,Fair,46,111600,14.105,25,4950.0,No,,1.0,0.0,0
CUST0020,49,Abuja (FCT),Female,3,4G Router,2025-03-01,2025-03-01,1,5.0,Excellent,36,855000,107.49666666666667,17,38000.0,Yes,Poor Network,1.0,0.0,1
CUST0021,42,Imo,Male,1,Mobile SIM Card,2025-03-01,2025-03-01,1,5.0,Excellent,23,4500,176.34,1,4500.0,No,,1.0,0.0,0
CUST0022,58,Kogi,Male,1,Mobile SIM Card,2025-02-01,2025-02-01,1,1.0,Poor,18,5250,40.31,15,350.0,No,,1.9,0.0,0
CUST0023,55,Osun,Male,1,5G Broadband Router,2025-02-01,2025-02-01,1,4.0,Very Good,2,325000,128.48,13,25000.0,No,,1.9,0.0,0
CUST0024,58,Kano,Male,2,Broadband MiFi,2025-03-01,2025-03-01,1,2.0,Fair,57,391500,104.32,28,15750.0,No,,1.0,0.0,0
CUST0025,65,Benue,Female,3,4G Router,2025-03-01,2025-03-01,1,1.0,Poor,3,526000,141.44,29,14500.0,No,,1.0,0.0,0
CUST0026,67,Cross River,Male,1,5G Broadband Router,2025-03-01,2025-03-01,1,4.0,Very Good,13,75000,109.81,1,75000.0,No,,1.0,0.0,0
CUST0027,52,Ondo,Female,3,4G Router,2025-03-01,2025-03-01,1,4.0,Very Good,51,248500,65.46333333333332,25,10000.0,No,,1.0,0.0,0
CUST0028,19,Rivers,Male,1,Mobile SIM Card,2025-01-01,2025-01-01,1,4.0,Very Good,31,26100,129.41,9,2700.0,No,,3.0,0.0,0
CUST0029,44,Enugu,Female,2,4G Router,2025-02-01,2025-02-01,1,1.0,Poor,4,1910000,172.845,34,55000.0,No,,1.9,0.0,0
CUST0030,49,Imo,Female,3,4G Router,2025-03-01,2025-03-01,1,2.0,Fair,50,767000,77.11,33,23000.0,Yes,Poor Network,1.0,0.0,1
CUST0031,69,Kogi,Female,2,5G Broadband Router,2025-02-01,2025-03-01,2,4.0,Very Good,35,917100,133.54,31,37950.0,Yes,Better Offers from Competitors,1.0,0.9,1
CUST0032,65,Kogi,Male,1,Mobile SIM Card,2025-02-01,2025-02-01,1,3.0,Good,32,45500,133.94,13,3500.0,No,,1.9,0.0,0
CUST0033,75,Borno,Male,1,Broadband MiFi,2025-02-01,2025-02-01,1,5.0,Excellent,59,217500,27.57,15,14500.0,No,,1.9,0.0,0
CUST0034,22,Edo,Female,2,5G Broadband Router,2025-02-01,2025-02-01,1,4.0,Very Good,21,416000,158.495,18,20000.0,No,,1.9,0.0,0
CUST0035,44,Kaduna,Male,3,4G Router,2025-01-01,2025-01-01,1,2.0,Fair,49,1345000,87.10000000000001,48,26666.666666666668,Yes,Poor Network,3.0,0.0,1
CUST0036,36,Abia,Male,2,5G Broadband Router,2025-01-01,2025-01-01,1,3.0,Good,38,202800,77.625,18,10175.0,No,,3.0,0.0,0
CUST0037,21,Ekiti,Female,2,4G Router,2025-03-01,2025-03-01,1,1.0,Poor,43,664000,81.58500000000001,26,24750.0,No,,1.0,0.0,0
CUST0038,50,Adamawa,Female,1,Broadband MiFi,2025-02-01,2025-02-01,1,5.0,Excellent,30,240000,176.39,8,30000.0,Yes,Better Offers from Competitors,1.9,0.0,1
CUST0039,64,Bayelsa,Male,2,5G Broadband Router,2025-03-01,2025-03-01,1,2.0,Fair,32,328000,139.845,16,20000.0,No,,1.0,0.0,0
CUST0040,46,Kogi,Female,2,Broadband MiFi,2025-02-01,2025-02-01,1,4.0,Very Good,36,393000,60.395,32,10500.0,No,,1.9,0.0,0
CUST0041,76,Bauchi,Female,2,5G Broadband Router,2025-03-01,2025-03-01,1,3.0,Good,28,263500,24.46,25,11750.0,No,,1.0,0.0,0
CUST0042,40,Ondo,Female,2,4G Router,2025-03-01,2025-03-01,1,1.0,Poor,18,82200,58.015,20,2550.0,No,,1.0,0.0,0
CUST0043,32,Yobe,Male,2,5G Broadband Router,2025-01-01,2025-01-01,1,5.0,Excellent,56,261000,107.69,29,9000.0,Yes,Fast Data Consumption,3.0,0.0,1
CUST0044,25,Oyo,Male,1,Mobile SIM Card,2025-03-01,2025-03-01,1,1.0,Poor,10,4550,155.25,13,350.0,No,,1.0,0.0,0
CUST0045,72,Abia,Female,1,4G Router,2025-01-01,2025-01-01,1,5.0,Excellent,20,13500,53.3,3,4500.0,No,,3.0,0.0,0
CUST0046,46,Enugu,Male,3,4G Router,2025-01-01,2025-01-01,1,4.0,Very Good,11,853500,76.78333333333332,37,21783.333333333332,No,,3.0,0.0,0
CUST0047,70,Delta,Male,1,Broadband MiFi,2025-02-01,2025-02-01,1,3.0,Good,42,400000,158.63,20,20000.0,No,,1.9,0.0,0
CUST0048,72,Delta,Female,3,4G Router,2025-03-01,2025-03-01,1,4.0,Very Good,45,105900,100.41000000000001,20,11300.0,No,,1.0,0.0,0
CUST0049,21,Enugu,Female,2,Broadband MiFi,2025-02-01,2025-02-01,1,3.0,Good,34,240500,102.055,17,17750.0,Yes,Relocation,1.9,0.0,1
CUST0050,68,Yobe,Female,2,4G Router,2025-02-01,2025-02-01,1,5.0,Excellent,43,548000,162.875,31,18000.0,Yes,Poor Network,1.9,0.0,1
CUST0051,68,Oyo,Male,3,5G Broadband Router,2025-03-01,2025-03-01,1,5.0,Excellent,34,637000,97.52,46,11666.666666666666,No,,1.0,0.0,0
CUST0052,36,Abia,Male,1,Mobile SIM Card,2025-02-01,2025-02-01,1,1.0,Poor,36,5000,129.72,5,1000.0,Yes,Better Offers from Competitors,1.9,0.0,1
CUST0053,53,Zamfara,Female,1,Mobile SIM Card,2025-02-01,2025-02-01,1,4.0,Very Good,27,5950,184.41,17,350.0,Yes,Relocation,1.9,0.0,1
CUST0054,24,Akwa Ibom,Female,2,Mobile SIM Card,2025-03-01,2025-03-01,1,1.0,Poor,22,628500,145.47333333333333,31,21833.333333333332,Yes,Costly Data Plans,1.0,0.0,1
CUST0055,65,Osun,Female,2,5G Broadband Router,2025-03-01,2025-03-01,1,4.0,Very Good,3,571200,100.01499999999999,21,15300.0,No,,1.0,0.0,0
CUST0056,28,Nasarawa,Male,2,Broadband MiFi,2025-02-01,2025-02-01,1,1.0,Poor,34,705000,140.625,22,32500.0,No,,1.9,0.0,0
CUST0057,58,Adamawa,Female,1,5G Broadband Router,2025-02-01,2025-02-01,1,5.0,Excellent,21,203000,149.48,14,14500.0,Yes,Poor Network,1.9,0.0,1
CUST0058,28,Nasarawa,Male,1,5G Broadband Router,2025-03-01,2025-03-01,1,1.0,Poor,45,125000,75.28,5,25000.0,Yes,Better Offers from Competitors,1.0,0.0,1
CUST0059,68,Enugu,Male,3,4G Router,2025-01-01,2025-01-01,1,5.0,Excellent,12,307000,108.07666666666667,28,8166.666666666667,No,,3.0,0.0,0
CUST0060,25,Nasarawa,Female,2,5G Broadband Router,2025-03-01,2025-03-01,1,4.0,Very Good,38,540000,123.66,16,47500.0,No,,1.0,0.0,0
CUST0061,53,Kano,Female,3,4G Router,2025-01-01,2025-01-01,1,5.0,Excellent,18,460000,111.71999999999998,20,21333.333333333332,No,,3.0,0.0,0
CUST0062,21,Abia,Female,2,Broadband MiFi,2025-03-01,2025-03-01,1,2.0,Fair,3,276300,66.64,27,15175.0,Yes,Costly Data Plans,1.0,0.0,1
CUST0063,48,Taraba,Female,1,4G Router,2025-03-01,2025-03-01,1,1.0,Poor,48,58500,172.1,13,4500.0,No,,1.0,0.0,0
CUST0064,27,Kebbi,Male,3,4G Router,2025-01-01,2025-01-01,1,4.0,Very Good,17,371000,70.23333333333333,34,13166.666666666666,No,,3.0,0.0,0
CUST0065,75,Abia,Female,2,Broadband MiFi,2025-02-01,2025-02-01,1,1.0,Poor,8,258000,62.685,30,10500.0,No,,1.9,0.0,0
CUST0066,69,Plateau,Female,2,5G Broadband Router,2025-01-01,2025-01-01,1,4.0,Very Good,42,508000,107.505,19,22250.0,No,,3.0,0.0,0
CUST0067,61,Oyo,Female,2,5G Broadband Router,2025-02-01,2025-02-01,1,1.0,Poor,18,499000,69.555,31,14500.0,No,,1.9,0.0,0
CUST0068,32,Ondo,Male,1,5G Broadband Router,2025-02-01,2025-02-01,1,5.0,Excellent,54,600000,157.83,20,30000.0,Yes,Better Offers from Competitors,1.9,0.0,1
CUST0069,51,Plateau,Male,1,4G Router,2025-03-01,2025-03-01,1,2.0,Fair,35,128000,71.97,8,16000.0,Yes,Better Offers from Competitors,1.0,0.0,1
CUST0070,18,Enugu,Female,1,4G Router,2025-02-01,2025-02-01,1,4.0,Very Good,4,18000,102.89,4,4500.0,No,,1.9,0.0,0
CUST0071,80,Osun,Male,1,Broadband MiFi,2025-03-01,2025-03-01,1,4.0,Very Good,47,203000,169.54,14,14500.0,No,,1.0,0.0,0
CUST0072,78,Nasarawa,Male,1,4G Router,2025-01-01,2025-01-01,1,3.0,Good,58,171000,125.05,19,9000.0,No,,3.0,0.0,0
CUST0073,64,Bauchi,Female,1,Mobile SIM Card,2025-02-01,2025-02-01,1,1.0,Poor,30,280000,90.59,8,35000.0,No,,1.9,0.0,0
CUST0074,59,Sokoto,Female,3,4G Router,2025-01-01,2025-01-01,1,3.0,Good,27,1022000,70.68333333333334,34,62000.0,No,,3.0,0.0,0
CUST0075,31,Kogi,Female,3,4G Router,2025-02-01,2025-02-01,1,1.0,Poor,56,502000,91.57666666666667,37,14333.333333333334,No,,1.9,0.0,0
CUST0076,70,Kano,Female,2,4G Router,2025-02-01,2025-02-01,1,3.0,Good,2,80000,25.535,6,22000.0,No,,1.9,0.0,0
CUST0077,43,Jigawa,Female,3,5G Broadband Router,2025-03-01,2025-03-01,1,2.0,Fair,30,420100,99.68666666666667,45,8133.333333333333,No,,1.0,0.0,0
CUST0078,69,Akwa Ibom,Male,2,5G Broadband Router,2025-01-01,2025-01-01,1,3.0,Good,49,96500,5.795,23,4750.0,No,,3.0,0.0,0
CUST0079,33,Edo,Female,2,Broadband MiFi,2025-01-01,2025-01-01,1,1.0,Poor,21,568000,109.36,20,29500.0,No,,3.0,0.0,0
CUST0080,66,Rivers,Female,3,4G Router,2025-02-01,2025-02-01,1,1.0,Poor,2,571500,139.33666666666667,31,17166.666666666668,No,,1.9,0.0,0
CUST0081,71,Anambra,Male,2,5G Broadband Router,2025-02-01,2025-02-01,1,5.0,Excellent,28,483000,141.38,20,24500.0,Yes,Better Offers from Competitors,1.9,0.0,1
CUST0082,40,Ekiti,Female,1,4G Router,2025-02-01,2025-02-01,1,2.0,Fair,47,13500,152.16,3,4500.0,Yes,Costly Data Plans,1.9,0.0,1
CUST0083,79,Sokoto,Female,2,5G Broadband Router,2025-03-01,2025-03-01,1,3.0,Good,44,36500,115.03999999999999,22,4750.0,Yes,Poor Network,1.0,0.0,1
CUST0084,75,Nasarawa,Male,1,Mobile SIM Card,2025-03-01,2025-03-01,1,3.0,Good,4,11000,116.28,2,5500.0,Yes,Better Offers from Competitors,1.0,0.0,1
CUST0085,40,Niger,Female,2,5G Broadband Router,2025-02-01,2025-02-01,1,1.0,Poor,33,3300000,56.68,35,85000.0,No,,1.9,0.0,0
CUST0086,62,Gombe,Female,1,5G Broadband Router,2025-02-01,2025-02-01,1,3.0,Good,25,360000,66.27,18,20000.0,No,,1.9,0.0,0
CUST0087,52,Edo,Male,2,5G Broadband Router,2025-01-01,2025-01-01,1,5.0,Excellent,22,230500,69.115,14,37750.0,No,,3.0,0.0,0
CUST0088,27,Kwara,Female,2,Broadband MiFi,2025-03-01,2025-03-01,1,3.0,Good,2,37750,129.755,9,4675.0,Yes,Poor Customer Service,1.0,0.0,1
CUST0089,20,Bayelsa,Male,3,4G Router,2025-02-01,2025-02-01,1,2.0,Fair,39,2381500,103.94,33,55450.0,Yes,Better Offers from Competitors,1.9,0.0,1
CUST0090,40,Gombe,Female,2,Broadband MiFi,2025-03-01,2025-03-01,1,4.0,Very Good,30,270000,174.77499999999998,20,9500.0,No,,1.0,0.0,0
CUST0091,31,Cross River,Male,3,4G Router,2025-02-01,2025-02-01,1,3.0,Good,49,377700,107.27,38,9800.0,No,,1.9,0.0,0
CUST0092,63,Osun,Male,1,Broadband MiFi,2025-01-01,2025-01-01,1,3.0,Good,21,480000,183.52,16,30000.0,No,,3.0,0.0,0
CUST0093,76,Nasarawa,Male,1,Mobile SIM Card,2025-01-01,2025-01-01,1,1.0,Poor,58,8000,155.35,8,1000.0,Yes,Better Offers from Competitors,3.0,0.0,1
CUST0094,31,Oyo,Male,3,5G Broadband Router,2025-02-01,2025-02-01,1,1.0,Poor,27,371800,80.04666666666667,18,15200.0,Yes,Fast Data Consumption,1.9,0.0,1
CUST0095,62,Kaduna,Male,2,5G Broadband Router,2025-02-01,2025-02-01,1,1.0,Poor,25,41000,60.17,7,6250.0,No,,1.9,0.0,0
CUST0096,33,Rivers,Female,3,4G Router,2025-03-01,2025-03-01,1,2.0,Fair,35,1083800,109.53333333333335,12,55533.333333333336,No,,1.0,0.0,0
CUST0097,55,Zamfara,Female,1,5G Broadband Router,2025-02-01,2025-02-01,1,3.0,Good,53,50000,172.5,2,25000.0,Yes,High Call Tarriffs,1.9,0.0,1
CUST0098,50,Delta,Female,2,5G Broadband Router,2025-02-01,2025-02-01,1,4.0,Very Good,28,1872000,96.14,15,87000.0,No,,1.9,0.0,0
CUST0099,26,Kwara,Male,3,4G Router,2025-03-01,2025-03-01,1,3.0,Good,35,1248000,59.57333333333333,29,30500.0,Yes,Costly Data Plans,1.0,0.0,1
CUST0100,67,Gombe,Male,2,Broadband MiFi,2025-02-01,2025-02-01,1,5.0,Excellent,2,174500,62.23,31,6250.0,No,,1.9,0.0,0
CUST0101,35,Nasarawa,Female,2,Mobile SIM Card,2025-02-01,2025-02-01,1,1.0,Poor,24,469000,91.75666666666667,38,15500.0,No,,1.9,0.0,0
CUST0102,49,Edo,Female,1,Mobile SIM Card,2025-03-01,2025-03-01,1,4.0,Very Good,14,9000,179.79,15,600.0,Yes,Poor Customer Service,1.0,0.0,1
CUST0103,56,Ekiti,Male,3,4G Router,2025-03-01,2025-03-01,1,3.0,Good,36,440350,155.41333333333333,18,15450.0,No,,1.0,0.0,0
CUST0104,32,Katsina,Male,2,Broadband MiFi,2025-02-01,2025-02-01,1,4.0,Very Good,20,516000,132.41500000000002,27,17750.0,No,,1.9,0.0,0
CUST0105,39,Borno,Female,2,Broadband MiFi,2025-01-01,2025-01-01,1,1.0,Poor,33,582000,188.25,25,19500.0,No,,3.0,0.0,0
CUST0106,26,Edo,Male,3,5G Broadband Router,2025-03-01,2025-03-01,1,2.0,Fair,41,786500,162.95000000000002,44,19166.666666666668,No,,1.0,0.0,0
CUST0107,19,Katsina,Male,1,4G Router,2025-03-01,2025-03-01,1,2.0,Fair,42,45000,128.56,10,4500.0,No,,1.0,0.0,0
CUST0108,47,Kebbi,Female,2,Broadband MiFi,2025-01-01,2025-01-01,1,1.0,Poor,30,398500,134.25,23,16750.0,Yes,Fast Data Consumption,3.0,0.0,1
CUST0109,32,Gombe,Male,1,Mobile SIM Card,2025-02-01,2025-02-01,1,4.0,Very Good,21,208000,10.6,13,16000.0,Yes,Fast Data Consumption,1.9,0.0,1
CUST0110,47,Abuja (FCT),Female,2,4G Router,2025-03-01,2025-03-01,1,2.0,Fair,60,281500,100.535,11,17750.0,No,,1.0,0.0,0
CUST0111,61,Oyo,Male,3,4G Router,2025-02-01,2025-02-01,1,5.0,Excellent,19,288000,106.59333333333332,40,6333.333333333333,No,,1.9,0.0,0
CUST0112,62,Cross River,Male,3,5G Broadband Router,2025-02-01,2025-02-01,1,5.0,Excellent,25,380500,127.82,29,11833.333333333334,Yes,Relocation,1.9,0.0,1
CUST0113,21,Rivers,Male,1,4G Router,2025-03-01,2025-03-01,1,4.0,Very Good,9,99000,186.31,11,9000.0,No,,1.0,0.0,0
CUST0114,66,Abia,Female,1,5G Broadband Router,2025-02-01,2025-02-01,1,5.0,Excellent,33,350000,134.92,14,25000.0,Yes,Better Offers from Competitors,1.9,0.0,1
CUST0115,19,Taraba,Female,1,Mobile SIM Card,2025-02-01,2025-02-01,1,1.0,Poor,42,4800,164.42,8,600.0,No,,1.9,0.0,0
CUST0116,30,Benue,Male,1,Mobile SIM Card,2025-03-01,2025-03-01,1,4.0,Very Good,29,104000,155.11,16,6500.0,Yes,High Call Tarriffs,1.0,0.0,1
CUST0117,33,Bauchi,Male,2,4G Router,2025-03-01,2025-03-01,1,4.0,Very Good,36,125000,74.17,17,7250.0,No,,1.0,0.0,0
CUST0118,54,Osun,Female,2,4G Router,2025-03-01,2025-03-01,1,2.0,Fair,50,387000,68.565,27,17000.0,No,,1.0,0.0,0
CUST0119,66,Ekiti,Male,1,5G Broadband Router,2025-01-01,2025-01-01,1,3.0,Good,19,2400000,131.37,16,150000.0,No,,3.0,0.0,0
CUST0120,41,Adamawa,Female,3,4G Router,2025-03-01,2025-03-01,1,2.0,Fair,60,253000,115.70666666666666,23,11166.666666666666,Yes,High Call Tarriffs,1.0,0.0,1
CUST0121,36,Kogi,Female,3,5G Broadband Router,2025-02-01,2025-02-01,1,3.0,Good,31,168600,143.72666666666666,21,11200.0,No,,1.9,0.0,0
CUST0122,39,Cross River,Male,2,4G Router,2025-03-01,2025-03-01,1,5.0,Excellent,1,890000,116.42,9,92500.0,No,,1.0,0.0,0
CUST0123,36,Sokoto,Female,2,4G Router,2025-02-01,2025-02-01,1,1.0,Poor,46,715000,91.64,21,32500.0,No,,1.9,0.0,0
CUST0124,33,Taraba,Female,2,4G Router,2025-02-01,2025-02-01,1,1.0,Poor,60,648000,84.69,31,20000.0,Yes,Poor Customer Service,1.9,0.0,1
CUST0125,23,Delta,Female,3,5G Broadband Router,2025-02-01,2025-02-01,1,4.0,Very Good,20,597600,118.86333333333333,44,14783.333333333334,No,,1.9,0.0,0
CUST0126,69,Taraba,Male,1,Mobile SIM Card,2025-02-01,2025-02-01,1,5.0,Excellent,49,19500,140.9,3,6500.0,No,,1.9,0.0,0
CUST0127,23,Zamfara,Male,3,5G Broadband Router,2025-02-01,2025-02-01,1,2.0,Fair,37,761000,94.45333333333333,47,16666.666666666668,No,,1.9,0.0,0
CUST0128,75,Abia,Male,2,Mobile SIM Card,2025-03-01,2025-03-01,1,1.0,Poor,26,1032700,111.33666666666666,35,21966.666666666668,No,,1.0,0.0,0
CUST0129,33,Kogi,Female,2,Broadband MiFi,2025-02-01,2025-02-01,1,4.0,Very Good,58,240000,31.57,30,7750.0,No,,1.9,0.0,0
CUST0130,32,Osun,Male,3,4G Router,2025-01-01,2025-01-01,1,3.0,Good,49,348200,89.12,30,15450.0,No,,3.0,0.0,0
CUST0131,46,Ondo,Male,3,5G Broadband Router,2025-01-01,2025-01-01,1,4.0,Very Good,7,561700,113.36666666666667,30,14950.0,No,,3.0,0.0,0
CUST0132,56,Niger,Male,2,5G Broadband Router,2025-02-01,2025-02-01,1,5.0,Excellent,20,294000,143.695,8,49500.0,Yes,Costly Data Plans,1.9,0.0,1
CUST0133,64,Bauchi,Female,1,Mobile SIM Card,2025-02-01,2025-02-01,1,4.0,Very Good,45,3500,169.94,10,350.0,Yes,Fast Data Consumption,1.9,0.0,1
CUST0134,75,Oyo,Female,2,4G Router,2025-02-01,2025-02-01,1,4.0,Very Good,27,530000,36.505,27,23000.0,Yes,Poor Customer Service,1.9,0.0,1
CUST0135,25,Benue,Male,1,Mobile SIM Card,2025-02-01,2025-02-01,1,3.0,Good,31,18000,192.43,4,4500.0,No,,1.9,0.0,0
CUST0136,47,Ondo,Female,2,4G Router,2025-02-01,2025-02-01,1,5.0,Excellent,59,209000,101.085,26,7750.0,No,,1.9,0.0,0
CUST0137,28,Taraba,Female,1,4G Router,2025-02-01,2025-02-01,1,3.0,Good,59,81000,3.74,18,4500.0,No,,1.9,0.0,0
CUST0138,53,Plateau,Male,1,Mobile SIM Card,2025-02-01,2025-02-01,1,4.0,Very Good,22,71500,131.09,11,6500.0,No,,1.9,0.0,0
CUST0139,78,Yobe,Female,2,4G Router,2025-03-01,2025-03-01,1,2.0,Fair,11,174000,129.01,17,12500.0,Yes,Relocation,1.0,0.0,1
CUST0140,45,Kaduna,Male,1,Mobile SIM Card,2025-02-01,2025-02-01,1,5.0,Excellent,1,99000,3.64,18,5500.0,No,,1.9,0.0,0
CUST0141,17,Kano,Female,1,Mobile SIM Card,2025-03-01,2025-03-01,1,1.0,Poor,35,8000,105.11,8,1000.0,No,,1.0,0.0,0
CUST0142,48,Ekiti,Female,2,5G Broadband Router,2025-02-01,2025-02-01,1,1.0,Poor,51,74800,167.51,11,12175.0,No,,1.9,0.0,0
CUST0143,27,Kebbi,Female,2,Mobile SIM Card,2025-02-01,2025-02-01,1,1.0,Poor,25,533000,169.50333333333333,23,21833.333333333332,No,,1.9,0.0,0
CUST0144,76,Akwa Ibom,Male,3,4G Router,2025-01-01,2025-01-01,1,3.0,Good,60,482800,134.36333333333332,51,8533.333333333334,No,,3.0,0.0,0
CUST0145,65,Adamawa,Female,2,Broadband MiFi,2025-02-01,2025-02-01,1,1.0,Poor,25,113500,84.02000000000001,23,9000.0,No,,1.9,0.0,0
CUST0146,57,Kano,Female,2,Broadband MiFi,2025-02-01,2025-02-01,1,4.0,Very Good,51,240000,88.655,23,18750.0,Yes,Relocation,1.9,0.0,1
CUST0147,50,Plateau,Female,1,Broadband MiFi,2025-02-01,2025-02-01,1,4.0,Very Good,46,135000,188.62,15,9000.0,No,,1.9,0.0,0
CUST0148,50,Anambra,Male,3,5G Broadband Router,2025-02-01,2025-02-01,1,4.0,Very Good,6,1317000,64.62666666666667,28,33333.333333333336,No,,1.9,0.0,0
CUST0149,26,Imo,Male,2,Broadband MiFi,2025-02-01,2025-02-01,1,2.0,Fair,44,52500,47.08,12,7750.0,Yes,Costly Data Plans,1.9,0.0,1
CUST0150,48,Imo,Female,1,Mobile SIM Card,2025-02-01,2025-02-01,1,4.0,Very Good,39,45500,168.4,13,3500.0,Yes,Costly Data Plans,1.9,0.0,1
CUST0151,72,Bayelsa,Female,3,4G Router,2025-02-01,2025-02-01,1,3.0,Good,53,188000,135.18333333333334,36,6500.0,No,,1.9,0.0,0
CUST0152,62,Delta,Male,2,4G Router,2025-02-01,2025-02-01,1,5.0,Excellent,38,64500,150.55,8,8250.0,Yes,High Call Tarriffs,1.9,0.0,1
CUST0153,46,Edo,Male,2,5G Broadband Router,2025-02-01,2025-02-01,1,4.0,Very Good,46,199000,171.495,26,7750.0,Yes,Relocation,1.9,0.0,1
CUST0154,26,Anambra,Male,1,Mobile SIM Card,2025-03-01,2025-03-01,1,2.0,Fair,43,49000,193.16,14,3500.0,No,,1.0,0.0,0
CUST0155,17,Anambra,Female,2,4G Router,2025-02-01,2025-02-01,1,4.0,Very Good,15,61500,140.48000000000002,13,5000.0,No,,1.9,0.0,0
CUST0156,34,Ekiti,Female,2,Broadband MiFi,2025-02-01,2025-02-01,1,2.0,Fair,22,142500,79.22,17,17750.0,No,,1.9,0.0,0
CUST0157,18,Bayelsa,Male,2,4G Router,2025-02-01,2025-02-01,1,2.0,Fair,44,66900,42.22,27,2550.0,No,,1.9,0.0,0
CUST0159,29,Adamawa,Male,2,5G Broadband Router,2025-03-01,2025-03-01,1,2.0,Fair,24,970000,118.60499999999999,32,39250.0,No,,1.0,0.0,0
CUST0160,74,Enugu,Female,1,5G Broadband Router,2025-01-01,2025-01-01,1,2.0,Fair,59,100000,37.02,5,20000.0,No,,3.0,0.0,0
CUST0161,65,Kogi,Male,3,4G Router,2025-02-01,2025-02-01,1,4.0,Very Good,37,719000,133.25666666666666,27,23000.0,Yes,High Call Tarriffs,1.9,0.0,1
CUST0162,33,Benue,Female,2,4G Router,2025-02-01,2025-02-01,1,4.0,Very Good,36,41100,37.88,10,2550.0,No,,1.9,0.0,0
CUST0163,52,Abuja (FCT),Female,3,4G Router,2025-02-01,2025-02-01,1,5.0,Excellent,37,698000,140.48000000000002,24,26333.333333333332,No,,1.9,0.0,0
CUST0164,20,Nasarawa,Female,1,Mobile SIM Card,2025-01-01,2025-01-01,1,4.0,Very Good,23,85500,162.24,19,4500.0,No,,3.0,0.0,0
CUST0165,70,Abuja (FCT),Male,3,4G Router,2025-02-01,2025-02-01,1,2.0,Fair,51,532500,69.12666666666667,41,15500.0,No,,1.9,0.0,0
CUST0166,51,Borno,Male,3,4G Router,2025-02-01,2025-02-01,1,3.0,Good,16,242000,81.56,25,16666.666666666668,No,,1.9,0.0,0
CUST0167,74,Yobe,Female,2,5G Broadband Router,2025-01-01,2025-01-01,1,1.0,Poor,38,1270000,71.58,25,47500.0,No,,3.0,0.0,0
CUST0168,59,Borno,Female,2,Broadband MiFi,2025-03-01,2025-03-01,1,1.0,Poor,51,57500,64.7,6,13750.0,Yes,High Call Tarriffs,1.0,0.0,1
CUST0169,36,Akwa Ibom,Male,3,4G Router,2025-03-01,2025-03-01,1,3.0,Good,42,132700,106.56,15,8133.333333333333,Yes,High Call Tarriffs,1.0,0.0,1
CUST0170,44,Bauchi,Female,2,4G Router,2025-01-01,2025-01-01,1,3.0,Good,1,60000,33.63,15,8500.0,No,,3.0,0.0,0
CUST0171,33,Jigawa,Male,1,4G Router,2025-02-01,2025-02-01,1,1.0,Poor,42,245000,70.56,7,35000.0,No,,1.9,0.0,0
CUST0172,68,Nasarawa,Male,3,4G Router,2025-01-01,2025-01-01,1,2.0,Fair,6,124000,147.77333333333334,17,12166.666666666666,No,,3.0,0.0,0
CUST0173,42,Bauchi,Male,1,Mobile SIM Card,2025-02-01,2025-02-01,1,3.0,Good,48,120000,22.99,16,7500.0,No,,1.9,0.0,0
CUST0174,17,Gombe,Female,2,4G Router,2025-02-01,2025-02-01,1,5.0,Excellent,9,5500,80.61,3,2500.0,No,,1.9,0.0,0
CUST0175,80,Cross River,Female,2,Mobile SIM Card,2025-02-01,2025-02-01,1,1.0,Poor,28,142800,83.60333333333334,23,11200.0,No,,1.9,0.0,0
CUST0176,71,Imo,Male,3,4G Router,2025-01-01,2025-01-01,1,4.0,Very Good,16,295500,46.63333333333333,26,10500.0,Yes,Relocation,3.0,0.0,1
CUST0177,63,Borno,Female,2,5G Broadband Router,2025-01-01,2025-01-01,1,1.0,Poor,47,397000,76.22,36,10500.0,No,,3.0,0.0,0
CUST0178,23,Yobe,Male,3,5G Broadband Router,2025-02-01,2025-02-01,1,3.0,Good,24,463200,121.85666666666667,19,28116.666666666668,No,,1.9,0.0,0
CUST0179,69,Osun,Female,3,5G Broadband Router,2025-02-01,2025-02-01,1,3.0,Good,16,592000,136.38,30,14833.333333333334,Yes,Poor Network,1.9,0.0,1
CUST0180,27,Sokoto,Male,1,Mobile SIM Card,2025-02-01,2025-02-01,1,3.0,Good,24,150300,132.585,34,4675.0,No,,1.9,0.0,0
CUST0181,35,Lagos,Female,3,4G Router,2025-02-01,2025-02-01,1,5.0,Excellent,2,288000,103.32666666666667,20,12666.666666666666,No,,1.9,0.0,0
CUST0182,51,Katsina,Male,2,5G Broadband Router,2025-02-01,2025-02-01,1,5.0,Excellent,59,407000,121.99000000000001,30,15500.0,No,,1.9,0.0,0
CUST0183,23,Kwara,Male,2,4G Router,2025-03-01,2025-03-01,1,3.0,Good,16,535500,41.205,22,77250.0,No,,1.0,0.0,0
CUST0184,35,Anambra,Male,3,5G Broadband Router,2025-02-01,2025-02-01,1,3.0,Good,29,362000,56.093333333333334,25,16333.333333333334,No,,1.9,0.0,0
CUST0185,27,Imo,Female,1,Mobile SIM Card,2025-01-01,2025-01-01,1,3.0,Good,26,99000,111.41,18,5500.0,Yes,Poor Customer Service,3.0,0.0,1
CUST0186,28,Sokoto,Male,1,4G Router,2025-02-01,2025-02-01,1,1.0,Poor,52,54000,164.82,12,4500.0,Yes,Better Offers from Competitors,1.9,0.0,1
CUST0187,49,Kaduna,Male,1,5G Broadband Router,2025-02-01,2025-02-01,1,4.0,Very Good,5,300000,9.02,15,20000.0,No,,1.9,0.0,0
CUST0188,37,Kwara,Female,1,5G Broadband Router,2025-01-01,2025-01-01,1,4.0,Very Good,32,130500,181.71,9,14500.0,No,,3.0,0.0,0
CUST0189,73,Plateau,Male,3,5G Broadband Router,2025-02-01,2025-02-01,1,3.0,Good,40,608000,110.65333333333335,49,11666.666666666666,No,,1.9,0.0,0
CUST0190,64,Ekiti,Female,3,4G Router,2025-02-01,2025-02-01,1,3.0,Good,35,654900,57.96000000000001,45,11800.0,No,,1.9,0.0,0
CUST0191,61,Osun,Male,3,4G Router,2025-02-01,2025-02-01,1,2.0,Fair,7,195600,139.20000000000002,18,13200.0,Yes,Better Offers from Competitors,1.9,0.0,1
CUST0192,34,Benue,Female,1,Broadband MiFi,2025-03-01,2025-03-01,1,2.0,Fair,35,20000,120.53,1,20000.0,No,,1.0,0.0,0
CUST0193,77,Lagos,Female,1,5G Broadband Router,2025-02-01,2025-02-01,1,2.0,Fair,59,171000,4.87,19,9000.0,No,,1.9,0.0,0
CUST0194,30,Bauchi,Female,2,4G Router,2025-03-01,2025-03-01,1,4.0,Very Good,5,630000,162.595,20,32500.0,No,,1.0,0.0,0
CUST0195,44,Enugu,Female,3,5G Broadband Router,2025-03-01,2025-03-01,1,2.0,Fair,20,113500,92.45,27,9866.666666666666,Yes,Poor Network,1.0,0.0,1
CUST0196,60,Niger,Male,2,4G Router,2025-01-01,2025-01-01,1,3.0,Good,41,199000,40.265,19,12500.0,No,,3.0,0.0,0
CUST0197,37,Kogi,Female,1,Mobile SIM Card,2025-02-01,2025-02-01,1,3.0,Good,57,1050,32.95,3,350.0,No,,1.9,0.0,0
CUST0198,53,Kano,Female,2,4G Router,2025-01-01,2025-01-01,1,1.0,Poor,17,548000,114.325,23,20500.0,No,,3.0,0.0,0
CUST0199,19,Kwara,Male,1,4G Router,2025-02-01,2025-02-01,1,2.0,Fair,39,81000,139.59,18,4500.0,Yes,Costly Data Plans,1.9,0.0,1
CUST0200,52,Abia,Male,2,4G Router,2025-01-01,2025-01-01,1,4.0,Very Good,7,627000,83.065,23,19500.0,No,,3.0,0.0,0
CUST0201,41,Anambra,Male,2,4G Router,2025-02-01,2025-02-01,1,3.0,Good,14,338500,111.5,22,15250.0,No,,1.9,0.0,0
CUST0202,63,Jigawa,Female,2,4G Router,2025-02-01,2025-02-01,1,1.0,Poor,12,82000,82.22,22,8500.0,Yes,Fast Data Consumption,1.9,0.0,1
CUST0203,45,Oyo,Female,2,4G Router,2025-02-01,2025-02-01,1,5.0,Excellent,53,128500,65.35499999999999,19,7750.0,No,,1.9,0.0,0
CUST0204,31,Nasarawa,Male,1,Mobile SIM Card,2025-02-01,2025-02-01,1,2.0,Fair,11,1750,199.46,5,350.0,Yes,Fast Data Consumption,1.9,0.0,1
CUST0205,56,Kaduna,Male,2,Broadband MiFi,2025-02-01,2025-02-01,1,5.0,Excellent,25,301500,93.39999999999999,23,10500.0,No,,1.9,0.0,0
CUST0206,29,Anambra,Female,2,Broadband MiFi,2025-03-01,2025-03-01,1,4.0,Very Good,56,315000,88.69,18,12300.0,Yes,High Call Tarriffs,1.0,0.0,1
CUST0207,66,Bayelsa,Male,1,5G Broadband Router,2025-02-01,2025-02-01,1,3.0,Good,4,384000,62.53,16,24000.0,No,,1.9,0.0,0
CUST0208,45,Borno,Female,3,4G Router,2025-02-01,2025-02-01,1,3.0,Good,48,442000,146.01666666666668,32,13833.333333333334,Yes,Fast Data Consumption,1.9,0.0,1
CUST0209,55,Zamfara,Female,1,Broadband MiFi,2025-01-01,2025-01-01,1,2.0,Fair,9,40000,7.1,2,20000.0,Yes,Better Offers from Competitors,3.0,0.0,1
CUST0210,41,Akwa Ibom,Female,1,Broadband MiFi,2025-02-01,2025-02-01,1,5.0,Excellent,53,400000,74.81,20,20000.0,No,,1.9,0.0,0
CUST0211,38,Taraba,Female,2,Mobile SIM Card,2025-02-01,2025-02-01,1,3.0,Good,23,316400,78.69333333333334,41,6450.0,No,,1.9,0.0,0
CUST0212,18,Lagos,Female,1,4G Router,2025-02-01,2025-02-01,1,2.0,Fair,59,45000,121.86,10,4500.0,No,,1.9,0.0,0
CUST0213,70,Jigawa,Female,3,5G Broadband Router,2025-03-01,2025-03-01,1,2.0,Fair,30,237300,58.61333333333334,25,13133.333333333334,No,,1.0,0.0,0
CUST0214,51,Edo,Female,1,Mobile SIM Card,2025-02-01,2025-02-01,1,5.0,Excellent,13,3500,136.31,1,3500.0,No,,1.9,0.0,0
CUST0215,53,Edo,Female,2,Mobile SIM Card,2025-02-01,2025-02-01,1,1.0,Poor,26,555000,92.79333333333334,22,21833.333333333332,No,,1.9,0.0,0
CUST0216,32,Edo,Male,3,4G Router,2025-03-01,2025-03-01,1,1.0,Poor,44,827100,132.04999999999998,45,20300.0,Yes,Poor Customer Service,1.0,0.0,1
CUST0217,76,Benue,Male,1,4G Router,2025-02-01,2025-02-01,1,5.0,Excellent,56,85500,68.86,19,4500.0,Yes,Poor Network,1.9,0.0,1
CUST0218,34,Niger,Male,1,5G Broadband Router,2025-01-01,2025-01-01,1,4.0,Very Good,50,81000,1.44,9,9000.0,No,,3.0,0.0,0
CUST0219,37,Abuja (FCT),Female,3,4G Router,2025-01-01,2025-01-01,1,2.0,Fair,51,440500,124.91000000000001,20,11666.666666666666,No,,3.0,0.0,0
CUST0220,18,Lagos,Male,1,Mobile SIM Card,2025-03-01,2025-03-01,1,3.0,Good,15,9000,59.99,10,900.0,Yes,Fast Data Consumption,1.0,0.0,1
CUST0221,59,Kwara,Male,1,Mobile SIM Card,2025-02-01,2025-02-01,1,3.0,Good,22,4500,46.07,5,900.0,No,,1.9,0.0,0
CUST0222,18,Zamfara,Male,1,Mobile SIM Card,2025-03-01,2025-03-01,1,1.0,Poor,8,900,132.56,1,900.0,No,,1.0,0.0,0
CUST0223,30,Kogi,Female,1,Mobile SIM Card,2025-01-01,2025-01-01,1,5.0,Excellent,25,64000,60.57,4,16000.0,Yes,High Call Tarriffs,3.0,0.0,1
CUST0224,50,Borno,Female,1,5G Broadband Router,2025-01-01,2025-01-01,1,5.0,Excellent,54,320000,157.06,16,20000.0,No,,3.0,0.0,0
CUST0225,41,Edo,Male,2,5G Broadband Router,2025-02-01,2025-02-01,1,3.0,Good,23,71000,100.475,5,22000.0,Yes,Relocation,1.9,0.0,1
CUST0226,35,Katsina,Male,2,4G Router,2025-01-01,2025-01-01,1,3.0,Good,47,1092000,90.50500000000001,18,83000.0,No,,3.0,0.0,0
CUST0227,70,Delta,Male,3,4G Router,2025-01-01,2025-01-01,1,1.0,Poor,55,716000,96.36333333333333,33,22000.0,No,,3.0,0.0,0
CUST0228,50,Jigawa,Female,3,5G Broadband Router,2025-02-01,2025-02-01,1,2.0,Fair,52,428500,113.80666666666666,34,15000.0,Yes,High Call Tarriffs,1.9,0.0,1
CUST0229,78,Delta,Female,1,Mobile SIM Card,2025-01-01,2025-01-01,1,1.0,Poor,29,180000,104.06,20,9000.0,Yes,Costly Data Plans,3.0,0.0,1
CUST0230,71,Imo,Female,3,5G Broadband Router,2025-02-01,2025-02-01,1,2.0,Fair,23,618600,77.94666666666667,41,16533.333333333332,No,,1.9,0.0,0
CUST0231,80,Osun,Female,2,Mobile SIM Card,2025-02-01,2025-02-01,1,1.0,Poor,26,230000,65.39333333333333,31,10166.666666666666,No,,1.9,0.0,0
CUST0232,54,Zamfara,Male,1,4G Router,2025-02-01,2025-02-01,1,3.0,Good,42,700000,66.73,20,35000.0,No,,1.9,0.0,0
CUST0233,62,Nasarawa,Male,3,4G Router,2025-02-01,2025-02-01,1,1.0,Poor,7,309000,29.793333333333333,27,13833.333333333334,No,,1.9,0.0,0
CUST0234,31,Kebbi,Male,1,Broadband MiFi,2025-02-01,2025-02-01,1,3.0,Good,30,275500,91.75,19,14500.0,Yes,Fast Data Consumption,1.9,0.0,1
CUST0235,33,Yobe,Male,3,5G Broadband Router,2025-01-01,2025-01-01,1,5.0,Excellent,34,811000,133.54,42,14866.666666666666,No,,3.0,0.0,0
CUST0236,69,Imo,Female,1,Mobile SIM Card,2025-03-01,2025-03-01,1,3.0,Good,26,595000,120.7,17,35000.0,No,,1.0,0.0,0
CUST0237,56,Ondo,Male,1,4G Router,2025-03-01,2025-03-01,1,3.0,Good,14,108000,142.22,12,9000.0,No,,1.0,0.0,0
CUST0238,69,Adamawa,Female,1,Mobile SIM Card,2025-02-01,2025-02-01,1,1.0,Poor,57,1200,11.09,2,600.0,No,,1.9,0.0,0
CUST0239,50,Abuja (FCT),Female,3,5G Broadband Router,2025-03-01,2025-03-01,1,2.0,Fair,44,538300,161.72666666666666,40,16450.0,No,,1.0,0.0,0
CUST0240,46,Zamfara,Female,3,5G Broadband Router,2025-01-01,2025-01-01,1,4.0,Very Good,45,609000,141.49666666666667,39,12833.333333333334,No,,3.0,0.0,0
CUST0241,40,Cross River,Female,3,4G Router,2025-01-01,2025-01-01,1,2.0,Fair,12,175500,51.74666666666667,23,6633.333333333333,No,,3.0,0.0,0
CUST0242,35,Niger,Male,3,4G Router,2025-03-01,2025-03-01,1,4.0,Very Good,50,755500,152.54,36,19500.0,No,,1.0,0.0,0
CUST0243,60,Osun,Male,1,Mobile SIM Card,2025-03-01,2025-03-01,1,3.0,Good,43,6500,164.83,1,6500.0,No,,1.0,0.0,0
CUST0244,60,Nasarawa,Male,2,Broadband MiFi,2025-02-01,2025-02-01,1,1.0,Poor,58,183000,117.0,22,8250.0,No,,1.9,0.0,0
CUST0245,73,Yobe,Male,1,4G Router,2025-02-01,2025-02-01,1,3.0,Good,19,112000,125.57,7,16000.0,No,,1.9,0.0,0
CUST0246,70,Anambra,Male,1,Broadband MiFi,2025-02-01,2025-02-01,1,1.0,Poor,35,29000,143.52,2,14500.0,No,,1.9,0.0,0
CUST0247,25,Oyo,Male,1,5G Broadband Router,2025-03-01,2025-03-01,1,5.0,Excellent,51,975000,77.91,13,75000.0,Yes,Better Offers from Competitors,1.0,0.0,1
CUST0248,56,Kano,Female,3,5G Broadband Router,2025-01-01,2025-01-01,1,5.0,Excellent,44,368000,62.28,42,10000.0,Yes,High Call Tarriffs,3.0,0.0,1
CUST0249,66,Kano,Female,3,5G Broadband Router,2025-02-01,2025-02-01,1,2.0,Fair,11,324200,90.54666666666667,31,14966.666666666666,No,,1.9,0.0,0
CUST0250,26,Abia,Male,3,4G Router,2025-03-01,2025-03-01,1,2.0,Fair,48,582500,105.76333333333332,46,11166.666666666666,No,,1.0,0.0,0
CUST0251,25,Cross River,Male,2,4G Router,2025-01-01,2025-01-01,1,2.0,Fair,17,288000,95.89999999999999,11,23000.0,No,,3.0,0.0,0
CUST0252,56,Yobe,Female,2,5G Broadband Router,2025-03-01,2025-03-01,1,5.0,Excellent,22,303000,72.02000000000001,22,17250.0,Yes,Relocation,1.0,0.0,1
CUST0253,62,Borno,Female,2,5G Broadband Router,2025-02-01,2025-02-01,1,4.0,Very Good,57,120000,102.005,25,10500.0,No,,1.9,0.0,0
CUST0254,41,Edo,Male,3,4G Router,2025-01-01,2025-01-01,1,1.0,Poor,47,655000,94.27333333333333,25,27666.666666666668,No,,3.0,0.0,0
CUST0255,66,Osun,Female,2,5G Broadband Router,2025-02-01,2025-02-01,1,5.0,Excellent,9,183000,142.13,25,4800.0,No,,1.9,0.0,0
CUST0256,36,Enugu,Male,2,4G Router,2025-02-01,2025-02-01,1,3.0,Good,48,258000,89.00999999999999,14,14500.0,Yes,Better Offers from Competitors,1.9,0.0,1
CUST0257,76,Sokoto,Male,3,4G Router,2025-03-01,2025-03-01,1,1.0,Poor,3,472500,89.65333333333332,24,14166.666666666666,No,,1.0,0.0,0
CUST0258,67,Ekiti,Female,2,Broadband MiFi,2025-02-01,2025-02-01,1,5.0,Excellent,32,264000,66.81,15,18000.0,Yes,Poor Customer Service,1.9,0.0,1
CUST0259,31,Osun,Female,2,Broadband MiFi,2025-03-01,2025-03-01,1,1.0,Poor,52,53400,89.37,19,4800.0,No,,1.0,0.0,0
CUST0260,33,Zamfara,Male,3,5G Broadband Router,2025-02-01,2025-02-01,1,1.0,Poor,58,2606500,115.17,37,55000.0,Yes,Poor Customer Service,1.9,0.0,1
CUST0261,39,Zamfara,Female,1,4G Router,2025-03-01,2025-03-01,1,4.0,Very Good,11,140000,77.4,4,35000.0,No,,1.0,0.0,0
CUST0262,41,Bauchi,Female,3,5G Broadband Router,2025-02-01,2025-02-01,1,5.0,Excellent,53,184000,120.19666666666666,21,8166.666666666667,Yes,Fast Data Consumption,1.9,0.0,1
CUST0263,70,Osun,Female,3,4G Router,2025-02-01,2025-02-01,1,3.0,Good,51,535500,68.21,27,17833.333333333332,No,,1.9,0.0,0
CUST0264,31,Bauchi,Male,1,Mobile SIM Card,2025-02-01,2025-02-01,1,3.0,Good,25,315000,130.49,9,35000.0,No,,1.9,0.0,0
CUST0265,70,Gombe,Female,3,4G Router,2025-02-01,2025-02-01,1,2.0,Fair,44,466500,132.67,26,13666.666666666666,No,,1.9,0.0,0
CUST0266,73,Abuja (FCT),Male,3,4G Router,2025-02-01,2025-02-01,1,3.0,Good,14,250000,119.82,27,10166.666666666666,No,,1.9,0.0,0
CUST0267,26,Rivers,Female,2,Broadband MiFi,2025-02-01,2025-02-01,1,5.0,Excellent,60,114500,72.815,9,10500.0,No,,1.9,0.0,0
CUST0268,45,Abuja (FCT),Male,1,5G Broadband Router,2025-02-01,2025-02-01,1,1.0,Poor,24,975000,70.95,13,75000.0,No,,1.9,0.0,0
CUST0269,41,Bauchi,Male,3,4G Router,2025-01-01,2025-01-01,1,1.0,Poor,48,779100,120.01333333333332,40,16800.0,No,,3.0,0.0,0
CUST0270,29,Kaduna,Female,2,Mobile SIM Card,2025-01-01,2025-01-01,1,5.0,Excellent,22,687500,161.49333333333334,24,37833.333333333336,No,,3.0,0.0,0
CUST0271,30,Edo,Male,2,5G Broadband Router,2025-02-01,2025-02-01,1,2.0,Fair,25,85550,99.06,22,4675.0,No,,1.9,0.0,0
CUST0272,25,Enugu,Female,2,5G Broadband Router,2025-03-01,2025-03-01,1,2.0,Fair,21,162000,123.63499999999999,16,9500.0,No,,1.0,0.0,0
CUST0273,45,Benue,Male,1,Broadband MiFi,2025-03-01,2025-03-01,1,2.0,Fair,54,261000,122.96,18,14500.0,No,,1.0,0.0,0
CUST0274,77,Gombe,Female,3,5G Broadband Router,2025-03-01,2025-03-01,1,4.0,Very Good,32,634000,89.68,22,29666.666666666668,Yes,Better Offers from Competitors,1.0,0.0,1
CUST0275,31,Bauchi,Female,2,Broadband MiFi,2025-01-01,2025-01-01,1,1.0,Poor,21,306000,116.345,17,17250.0,No,,3.0,0.0,0
CUST0276,76,Bayelsa,Female,2,4G Router,2025-02-01,2025-02-01,1,4.0,Very Good,12,492000,143.14000000000001,27,14250.0,Yes,High Call Tarriffs,1.9,0.0,1
CUST0277,50,Imo,Female,1,Mobile SIM Card,2025-02-01,2025-02-01,1,2.0,Fair,55,14400,35.73,16,900.0,Yes,High Call Tarriffs,1.9,0.0,1
CUST0278,56,Yobe,Female,1,4G Router,2025-01-01,2025-01-01,1,4.0,Very Good,17,36000,95.57,4,9000.0,Yes,Poor Customer Service,3.0,0.0,1
CUST0279,58,Edo,Female,2,5G Broadband Router,2025-03-01,2025-03-01,1,3.0,Good,24,470000,130.62,27,14750.0,Yes,Poor Network,1.0,0.0,1
CUST0280,73,Katsina,Female,1,4G Router,2025-03-01,2025-03-01,1,4.0,Very Good,40,180000,84.65,20,9000.0,No,,1.0,0.0,0
CUST0281,25,Katsina,Male,2,5G Broadband Router,2025-02-01,2025-02-01,1,3.0,Good,22,1184500,102.16,32,39250.0,No,,1.9,0.0,0
CUST0282,68,Abuja (FCT),Male,3,5G Broadband Router,2025-01-01,2025-01-01,1,2.0,Fair,55,386000,19.423333333333332,33,13166.666666666666,No,,3.0,0.0,0
CUST0283,26,Anambra,Female,2,5G Broadband Router,2025-02-01,2025-02-01,1,1.0,Poor,40,337500,87.17,21,17250.0,No,,1.9,0.0,0
CUST0284,20,Ekiti,Female,3,4G Router,2025-02-01,2025-02-01,1,4.0,Very Good,56,1179000,139.07333333333335,51,21866.666666666668,No,,1.9,0.0,0
CUST0285,60,Taraba,Male,2,5G Broadband Router,2025-01-01,2025-01-01,1,4.0,Very Good,52,728000,35.86,33,22000.0,No,,3.0,0.0,0
CUST0286,17,Yobe,Female,2,4G Router,2025-01-01,2025-01-01,1,4.0,Very Good,20,114000,80.945,24,5000.0,No,,3.0,0.0,0
CUST0287,64,Osun,Female,3,4G Router,2025-02-01,2025-02-01,1,2.0,Fair,6,292500,63.169999999999995,16,28333.333333333332,No,,1.9,0.0,0
CUST0288,40,Niger,Male,2,5G Broadband Router,2025-01-01,2025-01-01,1,5.0,Excellent,10,1344000,88.06,24,79500.0,Yes,Poor Network,3.0,0.0,1
CUST0289,59,Kogi,Female,1,5G Broadband Router,2025-02-01,2025-02-01,1,3.0,Good,51,100000,168.79,5,20000.0,No,,1.9,0.0,0
CUST0290,50,Kebbi,Male,2,Broadband MiFi,2025-02-01,2025-02-01,1,2.0,Fair,35,225500,174.645,23,7750.0,Yes,Better Offers from Competitors,1.9,0.0,1
CUST0291,20,Benue,Female,1,Mobile SIM Card,2025-01-01,2025-01-01,1,5.0,Excellent,48,75000,136.45,10,7500.0,No,,3.0,0.0,0
CUST0292,36,Rivers,Male,3,4G Router,2025-02-01,2025-02-01,1,3.0,Good,17,629000,61.556666666666665,21,26500.0,Yes,Poor Network,1.9,0.0,1
CUST0293,35,Gombe,Male,2,Broadband MiFi,2025-02-01,2025-02-01,1,4.0,Very Good,16,548000,77.345,26,15500.0,Yes,Relocation,1.9,0.0,1
CUST0294,60,Nasarawa,Male,2,4G Router,2025-02-01,2025-02-01,1,3.0,Good,2,471000,75.195,24,24750.0,No,,1.9,0.0,0
CUST0295,60,Niger,Female,2,4G Router,2025-02-01,2025-02-01,1,1.0,Poor,18,460000,118.97500000000001,18,30000.0,No,,1.9,0.0,0
CUST0296,46,Niger,Male,2,4G Router,2025-02-01,2025-02-01,1,2.0,Fair,43,159000,42.28,14,14500.0,No,,1.9,0.0,0
CUST0297,32,Enugu,Male,3,4G Router,2025-01-01,2025-01-01,1,4.0,Very Good,13,427500,46.126666666666665,34,15500.0,Yes,Poor Network,3.0,0.0,1
CUST0298,26,Sokoto,Male,1,5G Broadband Router,2025-02-01,2025-02-01,1,3.0,Good,24,90000,146.99,10,9000.0,No,,1.9,0.0,0
CUST0299,43,Bauchi,Male,1,4G Router,2025-02-01,2025-02-01,1,5.0,Excellent,7,81000,111.91,18,4500.0,No,,1.9,0.0,0
CUST0300,29,Ekiti,Female,3,4G Router,2025-02-01,2025-02-01,1,1.0,Poor,45,1788000,154.26666666666668,45,53200.0,Yes,Poor Customer Service,1.9,0.0,1
CUST0301,57,Imo,Male,2,Broadband MiFi,2025-03-01,2025-03-01,1,3.0,Good,25,108000,150.18,30,4950.0,No,,1.0,0.0,0
CUST0302,54,Osun,Male,3,5G Broadband Router,2025-03-01,2025-03-01,1,1.0,Poor,55,463200,28.830000000000002,33,14866.666666666666,No,,1.0,0.0,0
CUST0303,27,Kebbi,Male,1,Mobile SIM Card,2025-01-01,2025-01-01,1,3.0,Good,47,10000,119.25,10,1000.0,No,,3.0,0.0,0
CUST0304,64,Katsina,Male,2,Broadband MiFi,2025-03-01,2025-03-01,1,3.0,Good,59,124000,138.31,33,4675.0,No,,1.0,0.0,0
CUST0305,55,Bauchi,Male,1,Mobile SIM Card,2025-02-01,2025-02-01,1,3.0,Good,21,208000,134.89,13,16000.0,No,,1.9,0.0,0
CUST0306,80,Katsina,Male,1,Mobile SIM Card,2025-03-01,2025-03-01,1,4.0,Very Good,28,8100,109.86,9,900.0,Yes,Costly Data Plans,1.0,0.0,1
CUST0307,67,Zamfara,Female,1,Mobile SIM Card,2025-02-01,2025-02-01,1,2.0,Fair,50,52500,130.62,7,7500.0,No,,1.9,0.0,0
CUST0308,47,Imo,Male,3,4G Router,2025-02-01,2025-02-01,1,3.0,Good,18,213000,58.95666666666667,20,9000.0,No,,1.9,0.0,0
CUST0309,34,Nasarawa,Male,1,Broadband MiFi,2025-02-01,2025-02-01,1,2.0,Fair,60,72000,148.05,8,9000.0,No,,1.9,0.0,0
CUST0310,52,Lagos,Female,1,5G Broadband Router,2025-01-01,2025-01-01,1,3.0,Good,45,101500,148.13,7,14500.0,No,,3.0,0.0,0
CUST0311,49,Taraba,Male,3,4G Router,2025-01-01,2025-01-01,1,4.0,Very Good,45,198000,48.76,30,6333.333333333333,No,,3.0,0.0,0
CUST0312,29,Kano,Female,3,4G Router,2025-02-01,2025-02-01,1,2.0,Fair,56,364500,71.78666666666666,38,12500.0,No,,1.9,0.0,0
CUST0313,58,Yobe,Female,2,5G Broadband Router,2025-02-01,2025-02-01,1,1.0,Poor,48,412500,105.045,26,12250.0,No,,1.9,0.0,0
CUST0314,19,Akwa Ibom,Male,1,Mobile SIM Card,2025-03-01,2025-03-01,1,4.0,Very Good,10,6650,83.76,19,350.0,No,,1.0,0.0,0
CUST0315,70,Abia,Female,3,4G Router,2025-02-01,2025-02-01,1,2.0,Fair,29,290500,127.15000000000002,20,9833.333333333334,No,,1.9,0.0,0
CUST0316,56,Plateau,Male,2,5G Broadband Router,2025-03-01,2025-03-01,1,4.0,Very Good,49,23500,28.78,8,10250.0,No,,1.0,0.0,0
CUST0317,45,Osun,Male,2,4G Router,2025-01-01,2025-01-01,1,3.0,Good,44,900000,156.525,28,32500.0,Yes,Better Offers from Competitors,3.0,0.0,1
CUST0318,33,Abuja (FCT),Male,1,5G Broadband Router,2025-01-01,2025-01-01,1,4.0,Very Good,15,525000,44.9,7,75000.0,No,,3.0,0.0,0
CUST0319,24,Enugu,Female,1,Mobile SIM Card,2025-02-01,2025-02-01,1,3.0,Good,56,150000,155.35,20,7500.0,No,,1.9,0.0,0
CUST0320,56,Kebbi,Male,1,4G Router,2025-01-01,2025-01-01,1,4.0,Very Good,34,70000,196.77,2,35000.0,No,,3.0,0.0,0
CUST0321,22,Benue,Female,2,Broadband MiFi,2025-02-01,2025-02-01,1,3.0,Good,29,375000,120.01,17,15750.0,No,,1.9,0.0,0
CUST0322,27,Zamfara,Male,2,Broadband MiFi,2025-02-01,2025-02-01,1,4.0,Very Good,12,162000,68.38,18,10000.0,No,,1.9,0.0,0
CUST0323,31,Katsina,Male,2,4G Router,2025-02-01,2025-02-01,1,3.0,Good,46,227500,61.29,11,19250.0,Yes,High Call Tarriffs,1.9,0.0,1
CUST0324,34,Enugu,Male,2,5G Broadband Router,2025-03-01,2025-03-01,1,3.0,Good,27,153150,12.575,14,15175.0,No,,1.0,0.0,0
CUST0325,74,Yobe,Female,1,4G Router,2025-01-01,2025-01-01,1,5.0,Excellent,35,525000,91.02,15,35000.0,No,,3.0,0.0,0
CUST0326,16,Imo,Female,1,Mobile SIM Card,2025-02-01,2025-02-01,1,1.0,Poor,40,18000,133.57,20,900.0,Yes,Poor Network,1.9,0.0,1
CUST0327,58,Katsina,Male,3,4G Router,2025-02-01,2025-02-01,1,2.0,Fair,7,565500,81.64,41,13166.666666666666,Yes,Costly Data Plans,1.9,0.0,1
CUST0328,53,Taraba,Male,3,4G Router,2025-03-01,2025-03-01,1,3.0,Good,8,1002000,68.33333333333333,48,22000.0,No,,1.0,0.0,0
CUST0329,61,Borno,Female,3,4G Router,2025-02-01,2025-02-01,1,4.0,Very Good,34,609400,95.37,19,51616.666666666664,No,,1.9,0.0,0
CUST0330,21,Bayelsa,Female,3,4G Router,2025-02-01,2025-02-01,1,1.0,Poor,36,1038000,94.17666666666666,41,21000.0,No,,1.9,0.0,0
CUST0331,38,Benue,Female,1,4G Router,2025-03-01,2025-03-01,1,4.0,Very Good,54,525000,31.5,15,35000.0,No,,1.0,0.0,0
CUST0332,58,Sokoto,Female,3,5G Broadband Router,2025-01-01,2025-01-01,1,5.0,Excellent,60,507000,99.21,27,16000.0,Yes,High Call Tarriffs,3.0,0.0,1
CUST0333,37,Jigawa,Male,2,4G Router,2025-01-01,2025-01-01,1,3.0,Good,39,206000,54.239999999999995,18,11750.0,No,,3.0,0.0,0
CUST0334,54,Enugu,Male,2,4G Router,2025-01-01,2025-01-01,1,2.0,Fair,24,859000,88.93,28,29500.0,No,,3.0,0.0,0
CUST0335,57,Plateau,Male,2,5G Broadband Router,2025-02-01,2025-02-01,1,2.0,Fair,53,245000,80.59,30,7750.0,No,,1.9,0.0,0
CUST0336,58,Sokoto,Male,2,4G Router,2025-03-01,2025-03-01,1,1.0,Poor,7,138000,51.54,24,5500.0,No,,1.0,0.0,0
CUST0337,50,Plateau,Male,3,4G Router,2025-01-01,2025-01-01,1,1.0,Poor,18,299000,80.56333333333333,22,13500.0,No,,3.0,0.0,0
CUST0338,72,Oyo,Male,1,Mobile SIM Card,2025-02-01,2025-02-01,1,1.0,Poor,2,150000,36.21,20,7500.0,Yes,Poor Network,1.9,0.0,1
CUST0339,61,Abia,Female,2,4G Router,2025-02-01,2025-02-01,1,5.0,Excellent,53,466000,57.135000000000005,18,24750.0,Yes,Better Offers from Competitors,1.9,0.0,1
CUST0340,49,Gombe,Female,1,Broadband MiFi,2025-03-01,2025-03-01,1,3.0,Good,12,232000,23.02,16,14500.0,No,,1.0,0.0,0
CUST0341,37,Cross River,Female,3,4G Router,2025-02-01,2025-02-01,1,5.0,Excellent,39,774000,62.36666666666667,37,23833.333333333332,Yes,Better Offers from Competitors,1.9,0.0,1
CUST0342,24,Bayelsa,Male,2,4G Router,2025-02-01,2025-02-01,1,4.0,Very Good,53,594000,85.655,39,15250.0,No,,1.9,0.0,0
CUST0343,57,Anambra,Female,3,4G Router,2025-03-01,2025-03-01,1,4.0,Very Good,12,2034500,92.19666666666666,23,55633.333333333336,Yes,Poor Network,1.0,0.0,1
CUST0344,41,Ondo,Female,2,5G Broadband Router,2025-03-01,2025-03-01,1,4.0,Very Good,20,903000,146.045,27,42000.0,No,,1.0,0.0,0
CUST0345,63,Oyo,Male,1,4G Router,2025-03-01,2025-03-01,1,1.0,Poor,46,455000,140.59,13,35000.0,No,,1.0,0.0,0
CUST0346,64,Kebbi,Female,1,Mobile SIM Card,2025-02-01,2025-02-01,1,2.0,Fair,28,17500,168.07,5,3500.0,No,,1.9,0.0,0
CUST0347,32,Borno,Male,2,Broadband MiFi,2025-01-01,2025-01-01,1,2.0,Fair,5,304000,103.325,34,7750.0,No,,3.0,0.0,0
CUST0348,39,Sokoto,Female,1,Mobile SIM Card,2025-02-01,2025-02-01,1,4.0,Very Good,36,7200,115.8,8,900.0,No,,1.9,0.0,0
CUST0349,50,Kogi,Female,2,5G Broadband Router,2025-01-01,2025-01-01,1,5.0,Excellent,3,553500,169.26999999999998,20,22250.0,No,,3.0,0.0,0
CUST0350,75,Bauchi,Male,3,4G Router,2025-01-01,2025-01-01,1,2.0,Fair,34,802000,73.36,39,22666.666666666668,No,,3.0,0.0,0
CUST0351,61,Cross River,Female,3,4G Router,2025-01-01,2025-01-01,1,5.0,Excellent,11,732000,48.84666666666667,29,23333.333333333332,No,,3.0,0.0,0
CUST0352,48,Borno,Female,3,4G Router,2025-03-01,2025-03-01,1,1.0,Poor,18,648500,89.14999999999999,31,24500.0,No,,1.0,0.0,0
CUST0353,59,Katsina,Male,2,Broadband MiFi,2025-02-01,2025-02-01,1,4.0,Very Good,39,273000,130.55,18,12750.0,No,,1.9,0.0,0
CUST0354,49,Delta,Male,2,4G Router,2025-02-01,2025-02-01,1,4.0,Very Good,11,181500,134.65,6,20750.0,No,,1.9,0.0,0
CUST0355,73,Jigawa,Female,3,4G Router,2025-01-01,2025-01-01,1,1.0,Poor,34,261000,113.40333333333335,25,13166.666666666666,No,,3.0,0.0,0
CUST0356,59,Enugu,Female,1,Mobile SIM Card,2025-01-01,2025-01-01,1,1.0,Poor,36,15000,105.29,15,1000.0,No,,3.0,0.0,0
CUST0357,44,Cross River,Female,1,4G Router,2025-01-01,2025-01-01,1,1.0,Poor,13,64000,141.76,4,16000.0,No,,3.0,0.0,0
CUST0358,32,Jigawa,Male,3,4G Router,2025-01-01,2025-01-01,1,2.0,Fair,58,519000,114.11000000000001,27,21000.0,Yes,Fast Data Consumption,3.0,0.0,1
CUST0359,58,Oyo,Female,2,4G Router,2025-03-01,2025-03-01,1,2.0,Fair,53,840000,32.65,30,27500.0,No,,1.0,0.0,0
CUST0360,29,Nasarawa,Female,2,Broadband MiFi,2025-01-01,2025-01-01,1,1.0,Poor,7,86500,81.645,10,7250.0,Yes,High Call Tarriffs,3.0,0.0,1
CUST0361,58,Kebbi,Male,3,5G Broadband Router,2025-02-01,2025-02-01,1,4.0,Very Good,33,429500,109.13,41,10833.333333333334,No,,1.9,0.0,0
CUST0362,27,Gombe,Female,1,Broadband MiFi,2025-02-01,2025-02-01,1,3.0,Good,6,145000,132.32,10,14500.0,No,,1.9,0.0,0
CUST0363,29,Ekiti,Female,1,4G Router,2025-02-01,2025-02-01,1,2.0,Fair,6,630000,78.06,18,35000.0,Yes,Poor Customer Service,1.9,0.0,1
CUST0364,79,Adamawa,Female,3,4G Router,2025-01-01,2025-01-01,1,3.0,Good,2,974800,165.97,43,18533.333333333332,Yes,Better Offers from Competitors,3.0,0.0,1
CUST0365,20,Plateau,Female,3,5G Broadband Router,2025-01-01,2025-01-01,1,4.0,Very Good,42,2870000,107.18,25,53166.666666666664,No,,3.0,0.0,0
CUST0366,29,Delta,Female,2,5G Broadband Router,2025-02-01,2025-02-01,1,1.0,Poor,39,1470500,46.540000000000006,26,40750.0,No,,1.9,0.0,0
CUST0367,38,Bayelsa,Male,1,5G Broadband Router,2025-03-01,2025-03-01,1,2.0,Fair,8,570000,88.01,19,30000.0,No,,1.0,0.0,0
CUST0368,33,Anambra,Female,1,Broadband MiFi,2025-02-01,2025-02-01,1,1.0,Poor,50,27000,36.29,3,9000.0,No,,1.9,0.0,0
CUST0369,69,Taraba,Male,2,4G Router,2025-02-01,2025-02-01,1,3.0,Good,14,496000,154.77,26,20000.0,No,,1.9,0.0,0
CUST0370,69,Lagos,Male,3,5G Broadband Router,2025-01-01,2025-01-01,1,5.0,Excellent,13,1372000,100.82666666666667,27,56833.333333333336,No,,3.0,0.0,0
CUST0371,38,Abuja (FCT),Male,2,Broadband MiFi,2025-03-01,2025-03-01,1,3.0,Good,4,38000,90.12,19,10500.0,Yes,Costly Data Plans,1.0,0.0,1
CUST0372,30,Kaduna,Male,2,4G Router,2025-02-01,2025-02-01,1,5.0,Excellent,47,236000,46.17,12,17000.0,No,,1.9,0.0,0
CUST0373,41,Jigawa,Male,2,4G Router,2025-02-01,2025-02-01,1,5.0,Excellent,5,560000,63.92,19,27500.0,No,,1.9,0.0,0
CUST0374,50,Benue,Female,1,Mobile SIM Card,2025-01-01,2025-01-01,1,5.0,Excellent,9,60500,83.94,11,5500.0,Yes,Poor Customer Service,3.0,0.0,1
CUST0375,53,Abuja (FCT),Male,3,4G Router,2025-02-01,2025-02-01,1,1.0,Poor,37,442500,94.84999999999998,47,10000.0,No,,1.9,0.0,0
CUST0376,16,Kogi,Male,1,Mobile SIM Card,2025-02-01,2025-02-01,1,5.0,Excellent,3,8000,90.76,8,1000.0,Yes,Relocation,1.9,0.0,1
CUST0377,17,Kogi,Male,1,Mobile SIM Card,2025-03-01,2025-03-01,1,3.0,Good,9,7500,32.78,15,500.0,Yes,Poor Network,1.0,0.0,1
CUST0378,74,Sokoto,Male,2,5G Broadband Router,2025-02-01,2025-02-01,1,2.0,Fair,56,827700,175.445,14,37950.0,No,,1.9,0.0,0
CUST0379,20,Cross River,Female,1,Broadband MiFi,2025-03-01,2025-03-01,1,5.0,Excellent,49,48000,176.23,2,24000.0,No,,1.0,0.0,0
CUST0380,62,Oyo,Male,2,5G Broadband Router,2025-03-01,2025-03-01,1,4.0,Very Good,25,300000,154.315,15,20000.0,No,,1.0,0.0,0
CUST0381,30,Taraba,Male,2,4G Router,2025-02-01,2025-02-01,1,3.0,Good,49,605800,55.32,29,17950.0,No,,1.9,0.0,0
CUST0382,76,Adamawa,Female,1,Broadband MiFi,2025-03-01,2025-03-01,1,1.0,Poor,29,145000,179.64,10,14500.0,Yes,Fast Data Consumption,1.0,0.0,1
CUST0383,29,Abuja (FCT),Female,3,4G Router,2025-02-01,2025-02-01,1,4.0,Very Good,8,417000,102.97333333333331,18,19000.0,Yes,Poor Customer Service,1.9,0.0,1
CUST0384,58,Kogi,Female,3,4G Router,2025-03-01,2025-03-01,1,4.0,Very Good,42,1542000,137.45333333333335,28,51700.0,No,,1.0,0.0,0
CUST0385,34,Ekiti,Female,3,5G Broadband Router,2025-02-01,2025-02-01,1,5.0,Excellent,30,298200,106.63,35,13200.0,No,,1.9,0.0,0
CUST0386,42,Rivers,Female,1,5G Broadband Router,2025-02-01,2025-02-01,1,3.0,Good,23,260000,184.13,13,20000.0,No,,1.9,0.0,0
CUST0387,34,Sokoto,Female,2,4G Router,2025-01-01,2025-01-01,1,5.0,Excellent,10,523500,176.98000000000002,34,14250.0,No,,3.0,0.0,0
CUST0388,30,Taraba,Male,1,Mobile SIM Card,2025-01-01,2025-01-01,1,3.0,Good,9,7000,18.95,2,3500.0,Yes,Relocation,3.0,0.0,1
CUST0389,44,Akwa Ibom,Male,3,4G Router,2025-01-01,2025-01-01,1,5.0,Excellent,2,998000,103.37,46,21333.333333333332,No,,3.0,0.0,0
CUST0390,65,Gombe,Male,2,Broadband MiFi,2025-03-01,2025-03-01,1,3.0,Good,19,280000,103.255,28,10000.0,No,,1.0,0.0,0
CUST0391,33,Katsina,Male,3,4G Router,2025-03-01,2025-03-01,1,4.0,Very Good,14,456000,25.820000000000004,37,13000.0,No,,1.0,0.0,0
CUST0392,78,Rivers,Female,2,4G Router,2025-03-01,2025-03-01,1,4.0,Very Good,54,305000,28.25,20,15250.0,No,,1.0,0.0,0
CUST0393,38,Yobe,Male,1,5G Broadband Router,2025-01-01,2025-01-01,1,3.0,Good,2,1350000,113.33,9,150000.0,No,,3.0,0.0,0
CUST0394,31,Gombe,Male,1,5G Broadband Router,2025-03-01,2025-03-01,1,2.0,Fair,55,750000,175.72,5,150000.0,No,,1.0,0.0,0
CUST0395,36,Oyo,Female,3,5G Broadband Router,2025-02-01,2025-02-01,1,3.0,Good,24,736000,105.56333333333333,43,16833.333333333332,Yes,Costly Data Plans,1.9,0.0,1
CUST0396,61,Plateau,Male,2,5G Broadband Router,2025-03-01,2025-03-01,1,3.0,Good,9,700000,105.185,35,20000.0,No,,1.0,0.0,0
CUST0397,30,Kogi,Female,1,Mobile SIM Card,2025-01-01,2025-01-01,1,1.0,Poor,59,42000,62.66,12,3500.0,No,,3.0,0.0,0
CUST0398,72,Bauchi,Female,1,4G Router,2025-03-01,2025-03-01,1,1.0,Poor,12,22500,171.43,5,4500.0,No,,1.0,0.0,0
CUST0399,55,Borno,Male,1,Broadband MiFi,2025-01-01,2025-01-01,1,4.0,Very Good,9,126000,155.05,14,9000.0,No,,3.0,0.0,0
CUST0400,41,Anambra,Male,1,Broadband MiFi,2025-01-01,2025-01-01,1,4.0,Very Good,51,120000,133.68,4,30000.0,Yes,Costly Data Plans,3.0,0.0,1
CUST0401,42,Benue,Male,3,4G Router,2025-03-01,2025-03-01,1,1.0,Poor,43,442050,99.25666666666666,21,13783.333333333334,Yes,Better Offers from Competitors,1.0,0.0,1
CUST0402,43,Benue,Female,3,4G Router,2025-01-01,2025-01-01,1,1.0,Poor,11,196500,115.05,25,8166.666666666667,No,,3.0,0.0,0
CUST0403,30,Niger,Male,2,5G Broadband Router,2025-01-01,2025-01-01,1,5.0,Excellent,30,159000,47.085,31,5000.0,Yes,Better Offers from Competitors,3.0,0.0,1
CUST0404,72,Osun,Female,2,5G Broadband Router,2025-02-01,2025-02-01,1,2.0,Fair,19,297000,139.665,33,9000.0,No,,1.9,0.0,0
CUST0405,31,Plateau,Female,2,4G Router,2025-01-01,2025-01-01,1,2.0,Fair,26,3340000,40.525,33,92500.0,Yes,Poor Customer Service,3.0,0.0,1
CUST0406,67,Ekiti,Female,1,Mobile SIM Card,2025-02-01,2025-02-01,1,4.0,Very Good,43,16000,24.88,16,1000.0,No,,1.9,0.0,0
CUST0407,45,Borno,Male,1,4G Router,2025-01-01,2025-01-01,1,1.0,Poor,7,385000,121.11,11,35000.0,No,,3.0,0.0,0
CUST0408,54,Anambra,Male,2,5G Broadband Router,2025-02-01,2025-02-01,1,4.0,Very Good,43,27000,149.63,20,4750.0,Yes,High Call Tarriffs,1.9,0.0,1
CUST0409,31,Jigawa,Female,1,4G Router,2025-02-01,2025-02-01,1,4.0,Very Good,21,54000,177.0,6,9000.0,No,,1.9,0.0,0
CUST0410,71,Borno,Female,3,4G Router,2025-02-01,2025-02-01,1,4.0,Very Good,46,597000,104.94333333333333,34,16500.0,No,,1.9,0.0,0
CUST0411,57,Oyo,Male,2,5G Broadband Router,2025-01-01,2025-01-01,1,2.0,Fair,38,770000,137.405,28,27500.0,No,,3.0,0.0,0
CUST0412,23,Imo,Male,1,5G Broadband Router,2025-03-01,2025-03-01,1,5.0,Excellent,16,20000,67.85,1,20000.0,Yes,High Call Tarriffs,1.0,0.0,1
CUST0413,57,Rivers,Female,2,5G Broadband Router,2025-02-01,2025-02-01,1,5.0,Excellent,43,1809500,116.045,22,82250.0,No,,1.9,0.0,0
CUST0414,78,Anambra,Male,3,4G Router,2025-02-01,2025-02-01,1,5.0,Excellent,22,227500,126.33333333333333,12,14666.666666666666,No,,1.9,0.0,0
CUST0415,67,Osun,Male,1,Mobile SIM Card,2025-01-01,2025-01-01,1,5.0,Excellent,46,22500,42.34,3,7500.0,No,,3.0,0.0,0
CUST0416,80,Abia,Female,2,5G Broadband Router,2025-03-01,2025-03-01,1,2.0,Fair,43,216500,76.055,8,18250.0,No,,1.0,0.0,0
CUST0417,50,Adamawa,Female,1,4G Router,2025-01-01,2025-01-01,1,5.0,Excellent,60,45000,149.41,10,4500.0,Yes,Fast Data Consumption,3.0,0.0,1
CUST0418,68,Niger,Male,3,4G Router,2025-02-01,2025-02-01,1,4.0,Very Good,41,381500,50.48,29,16616.666666666668,Yes,Costly Data Plans,1.9,0.0,1
CUST0419,20,Benue,Male,2,4G Router,2025-02-01,2025-02-01,1,1.0,Poor,18,283000,102.16,19,12500.0,Yes,Better Offers from Competitors,1.9,0.0,1
CUST0420,54,Kaduna,Female,3,4G Router,2025-03-01,2025-03-01,1,1.0,Poor,58,535500,91.84333333333332,33,18166.666666666668,No,,1.0,0.0,0
CUST0421,65,Imo,Female,2,4G Router,2025-02-01,2025-02-01,1,1.0,Poor,14,234800,80.985,26,8450.0,Yes,Costly Data Plans,1.9,0.0,1
CUST0422,47,Akwa Ibom,Male,1,Broadband MiFi,2025-02-01,2025-02-01,1,3.0,Good,24,72000,138.29,8,9000.0,No,,1.9,0.0,0
CUST0423,65,Abia,Female,2,Broadband MiFi,2025-01-01,2025-01-01,1,5.0,Excellent,58,307500,102.02,17,18750.0,No,,3.0,0.0,0
CUST0424,42,Abuja (FCT),Female,2,4G Router,2025-03-01,2025-03-01,1,4.0,Very Good,41,299500,161.465,15,24750.0,No,,1.0,0.0,0
CUST0425,49,Zamfara,Male,3,4G Router,2025-02-01,2025-02-01,1,5.0,Excellent,23,319000,122.39666666666666,21,17666.666666666668,No,,1.9,0.0,0
CUST0426,26,Delta,Male,2,4G Router,2025-02-01,2025-02-01,1,5.0,Excellent,16,74400,106.25999999999999,26,4800.0,No,,1.9,0.0,0
CUST0427,69,Gombe,Male,3,4G Router,2025-02-01,2025-02-01,1,5.0,Excellent,26,159000,54.50666666666666,32,4666.666666666667,Yes,Poor Network,1.9,0.0,1
CUST0428,31,Lagos,Female,1,4G Router,2025-02-01,2025-02-01,1,4.0,Very Good,50,144000,57.95,16,9000.0,Yes,High Call Tarriffs,1.9,0.0,1
CUST0429,32,Kwara,Male,1,Mobile SIM Card,2025-02-01,2025-02-01,1,3.0,Good,39,3000,82.0,5,600.0,No,,1.9,0.0,0
CUST0430,53,Edo,Male,3,5G Broadband Router,2025-02-01,2025-02-01,1,2.0,Fair,40,924000,103.98333333333333,33,31666.666666666668,No,,1.9,0.0,0
CUST0431,28,Oyo,Male,3,4G Router,2025-02-01,2025-02-01,1,4.0,Very Good,22,421500,124.95,24,15833.333333333334,No,,1.9,0.0,0
CUST0432,80,Yobe,Female,3,4G Router,2025-01-01,2025-01-01,1,2.0,Fair,57,225500,140.89333333333335,24,8166.666666666667,Yes,High Call Tarriffs,3.0,0.0,1
CUST0433,49,Bauchi,Female,2,4G Router,2025-02-01,2025-02-01,1,3.0,Good,28,193000,28.74,7,22000.0,No,,1.9,0.0,0
CUST0434,49,Abuja (FCT),Female,3,4G Router,2025-01-01,2025-01-01,1,4.0,Very Good,28,261000,92.01,18,13666.666666666666,Yes,Costly Data Plans,3.0,0.0,1
CUST0435,50,Ondo,Male,1,Mobile SIM Card,2025-02-01,2025-02-01,1,4.0,Very Good,34,1000,177.53,1,1000.0,No,,1.9,0.0,0
CUST0436,31,Kebbi,Female,2,4G Router,2025-01-01,2025-01-01,1,3.0,Good,38,180500,156.505,21,4750.0,Yes,Poor Network,3.0,0.0,1
CUST0437,57,Borno,Male,1,Broadband MiFi,2025-01-01,2025-01-01,1,3.0,Good,56,312000,190.4,13,24000.0,No,,3.0,0.0,0
CUST0438,67,Edo,Male,1,Mobile SIM Card,2025-01-01,2025-01-01,1,1.0,Poor,16,37500,57.34,5,7500.0,Yes,Poor Customer Service,3.0,0.0,1
CUST0439,54,Yobe,Female,1,5G Broadband Router,2025-03-01,2025-03-01,1,5.0,Excellent,48,188500,98.18,13,14500.0,Yes,High Call Tarriffs,1.0,0.0,1
CUST0440,50,Kwara,Male,2,Broadband MiFi,2025-01-01,2025-01-01,1,3.0,Good,49,113500,116.30499999999999,20,10450.0,No,,3.0,0.0,0
CUST0441,26,Cross River,Female,1,5G Broadband Router,2025-01-01,2025-01-01,1,4.0,Very Good,28,145000,104.86,10,14500.0,No,,3.0,0.0,0
CUST0442,25,Rivers,Male,3,4G Router,2025-01-01,2025-01-01,1,4.0,Very Good,33,267800,153.14,29,12200.0,Yes,High Call Tarriffs,3.0,0.0,1
CUST0443,26,Kogi,Female,2,5G Broadband Router,2025-01-01,2025-01-01,1,4.0,Very Good,21,410000,105.905,24,22250.0,No,,3.0,0.0,0
CUST0444,18,Lagos,Female,1,Mobile SIM Card,2025-01-01,2025-01-01,1,2.0,Fair,8,130000,60.91,20,6500.0,No,,3.0,0.0,0
CUST0445,66,Abia,Male,1,4G Router,2025-02-01,2025-02-01,1,1.0,Poor,9,80000,42.24,5,16000.0,Yes,Better Offers from Competitors,1.9,0.0,1
CUST0446,71,Adamawa,Male,1,Broadband MiFi,2025-03-01,2025-03-01,1,4.0,Very Good,6,300000,180.53,15,20000.0,Yes,Fast Data Consumption,1.0,0.0,1
CUST0447,76,Kano,Female,2,4G Router,2025-02-01,2025-02-01,1,2.0,Fair,38,791000,95.39,33,22000.0,Yes,Better Offers from Competitors,1.9,0.0,1
CUST0448,20,Yobe,Female,3,4G Router,2025-01-01,2025-01-01,1,2.0,Fair,32,1386000,42.31333333333333,48,28000.0,No,,3.0,0.0,0
CUST0449,36,Cross River,Male,3,4G Router,2025-03-01,2025-03-01,1,4.0,Very Good,31,690000,167.81333333333333,31,24166.666666666668,Yes,Poor Customer Service,1.0,0.0,1
CUST0450,52,Katsina,Female,1,Mobile SIM Card,2025-02-01,2025-02-01,1,2.0,Fair,9,38500,61.08,7,5500.0,Yes,Fast Data Consumption,1.9,0.0,1
CUST0451,18,Ekiti,Female,2,4G Router,2025-02-01,2025-02-01,1,2.0,Fair,23,116000,67.93,24,5000.0,No,,1.9,0.0,0
CUST0452,59,Ekiti,Male,3,5G Broadband Router,2025-03-01,2025-03-01,1,2.0,Fair,50,460000,160.38333333333333,26,11833.333333333334,No,,1.0,0.0,0
CUST0453,29,Abuja (FCT),Male,3,4G Router,2025-02-01,2025-02-01,1,3.0,Good,56,175000,94.43333333333332,30,10166.666666666666,Yes,Costly Data Plans,1.9,0.0,1
CUST0454,47,Taraba,Female,2,5G Broadband Router,2025-02-01,2025-02-01,1,1.0,Poor,19,284000,94.15,22,11000.0,Yes,High Call Tarriffs,1.9,0.0,1
CUST0455,68,Kogi,Female,1,Broadband MiFi,2025-03-01,2025-03-01,1,1.0,Poor,55,117000,67.99,13,9000.0,No,,1.0,0.0,0
CUST0456,71,Oyo,Female,1,5G Broadband Router,2025-01-01,2025-01-01,1,2.0,Fair,49,1350000,80.7,18,75000.0,No,,3.0,0.0,0
CUST0457,56,Ekiti,Male,1,Mobile SIM Card,2025-03-01,2025-03-01,1,5.0,Excellent,53,99000,128.95,18,5500.0,No,,1.0,0.0,0
CUST0458,60,Kebbi,Male,2,4G Router,2025-03-01,2025-03-01,1,1.0,Poor,57,297000,73.825,23,16500.0,Yes,Costly Data Plans,1.0,0.0,1
CUST0460,49,Zamfara,Female,3,4G Router,2025-01-01,2025-01-01,1,1.0,Poor,8,935000,124.85666666666667,46,18166.666666666668,No,,3.0,0.0,0
CUST0461,29,Niger,Male,2,Broadband MiFi,2025-03-01,2025-03-01,1,4.0,Very Good,53,48500,28.130000000000003,8,7750.0,Yes,High Call Tarriffs,1.0,0.0,1
CUST0462,67,Bauchi,Female,2,5G Broadband Router,2025-03-01,2025-03-01,1,5.0,Excellent,56,227000,87.89,19,17750.0,No,,1.0,0.0,0
CUST0463,74,Borno,Male,3,4G Router,2025-02-01,2025-02-01,1,4.0,Very Good,45,606500,51.22333333333333,38,12166.666666666666,No,,1.9,0.0,0
CUST0464,63,Abia,Female,1,Mobile SIM Card,2025-03-01,2025-03-01,1,4.0,Very Good,20,9000,187.4,10,900.0,Yes,Poor Customer Service,1.0,0.0,1
CUST0465,43,Enugu,Female,1,Mobile SIM Card,2025-01-01,2025-01-01,1,5.0,Excellent,1,104500,114.83,19,5500.0,No,,3.0,0.0,0
CUST0466,59,Jigawa,Female,2,5G Broadband Router,2025-02-01,2025-02-01,1,2.0,Fair,54,460500,95.14,31,12750.0,No,,1.9,0.0,0
CUST0467,65,Osun,Female,3,5G Broadband Router,2025-01-01,2025-01-01,1,4.0,Very Good,22,757000,98.10333333333334,48,16833.333333333332,No,,3.0,0.0,0
CUST0468,22,Bauchi,Male,1,4G Router,2025-01-01,2025-01-01,1,5.0,Excellent,49,112000,55.36,7,16000.0,No,,3.0,0.0,0
CUST0469,72,Katsina,Female,1,5G Broadband Router,2025-01-01,2025-01-01,1,4.0,Very Good,26,75000,36.51,1,75000.0,No,,3.0,0.0,0
CUST0470,56,Jigawa,Female,2,4G Router,2025-01-01,2025-01-01,1,1.0,Poor,6,225000,172.12,11,19500.0,No,,3.0,0.0,0
CUST0471,57,Enugu,Male,2,4G Router,2025-01-01,2025-01-01,1,3.0,Good,46,54000,46.435,24,4950.0,No,,3.0,0.0,0
CUST0472,79,Zamfara,Female,3,4G Router,2025-03-01,2025-03-01,1,1.0,Poor,8,466200,61.879999999999995,45,8633.333333333334,No,,1.0,0.0,0
CUST0473,54,Kogi,Female,1,4G Router,2025-02-01,2025-02-01,1,2.0,Fair,6,630000,192.29,18,35000.0,No,,1.9,0.0,0
CUST0474,21,Lagos,Female,2,5G Broadband Router,2025-03-01,2025-03-01,1,2.0,Fair,54,564000,128.23499999999999,13,40750.0,Yes,Fast Data Consumption,1.0,0.0,1
CUST0475,24,Abia,Male,2,Broadband MiFi,2025-01-01,2025-01-01,1,2.0,Fair,26,521500,159.36,26,18250.0,No,,3.0,0.0,0
CUST0476,47,Niger,Female,3,4G Router,2025-01-01,2025-01-01,1,5.0,Excellent,14,558500,64.04666666666667,20,26500.0,No,,3.0,0.0,0
CUST0478,75,Gombe,Male,2,5G Broadband Router,2025-01-01,2025-01-01,1,2.0,Fair,29,520000,105.28999999999999,26,20000.0,No,,3.0,0.0,0
CUST0479,20,Akwa Ibom,Female,3,4G Router,2025-02-01,2025-02-01,1,1.0,Poor,58,519500,81.58,42,10333.333333333334,Yes,Better Offers from Competitors,1.9,0.0,1
CUST0480,32,Edo,Male,1,5G Broadband Router,2025-03-01,2025-03-01,1,2.0,Fair,57,2100000,0.89,14,150000.0,No,,1.0,0.0,0
CUST0481,57,Kwara,Female,2,5G Broadband Router,2025-01-01,2025-01-01,1,5.0,Excellent,18,2230000,36.730000000000004,27,85000.0,No,,3.0,0.0,0
CUST0482,58,Katsina,Male,1,4G Router,2025-02-01,2025-02-01,1,4.0,Very Good,48,13500,66.18,3,4500.0,No,,1.9,0.0,0
CUST0484,76,Imo,Female,1,Broadband MiFi,2025-01-01,2025-01-01,1,3.0,Good,54,96000,124.1,4,24000.0,No,,3.0,0.0,0
CUST0485,31,Katsina,Male,3,5G Broadband Router,2025-01-01,2025-01-01,1,4.0,Very Good,59,422000,28.133333333333336,35,10333.333333333334,No,,3.0,0.0,0
CUST0486,28,Kogi,Male,2,4G Router,2025-01-01,2025-01-01,1,4.0,Very Good,56,103500,56.57,12,6750.0,No,,3.0,0.0,0
CUST0487,40,Borno,Female,2,4G Router,2025-01-01,2025-01-01,1,4.0,Very Good,23,289000,111.095,16,12250.0,No,,3.0,0.0,0
CUST0488,61,Abia,Male,2,5G Broadband Router,2025-01-01,2025-01-01,1,3.0,Good,10,846000,91.87,31,27000.0,No,,3.0,0.0,0
CUST0489,41,Benue,Male,3,4G Router,2025-01-01,2025-01-01,1,3.0,Good,51,440000,85.24,30,14833.333333333334,Yes,Fast Data Consumption,3.0,0.0,1
CUST0490,45,Sokoto,Male,2,4G Router,2025-01-01,2025-01-01,1,3.0,Good,16,46500,83.885,13,4000.0,No,,3.0,0.0,0
CUST0491,30,Plateau,Female,2,Broadband MiFi,2025-02-01,2025-02-01,1,5.0,Excellent,29,122100,108.55,12,10175.0,No,,1.9,0.0,0
CUST0492,47,Enugu,Male,1,4G Router,2025-02-01,2025-02-01,1,3.0,Good,2,140000,131.15,4,35000.0,No,,1.9,0.0,0
CUST0493,42,Abia,Female,3,5G Broadband Router,2025-03-01,2025-03-01,1,3.0,Good,16,613500,43.99333333333334,32,15166.666666666666,No,,1.0,0.0,0
CUST0494,21,Benue,Female,2,4G Router,2025-02-01,2025-02-01,1,3.0,Good,51,3105000,100.27000000000001,23,92500.0,Yes,High Call Tarriffs,1.9,0.0,1
CUST0495,37,Zamfara,Female,1,5G Broadband Router,2025-03-01,2025-03-01,1,4.0,Very Good,49,400000,105.33,16,25000.0,No,,1.0,0.0,0
CUST0496,76,Akwa Ibom,Female,2,4G Router,2025-01-01,2025-01-01,1,2.0,Fair,41,65700,124.34,25,2550.0,Yes,Poor Customer Service,3.0,0.0,1
CUST0497,26,Borno,Male,3,4G Router,2025-01-01,2025-01-01,1,5.0,Excellent,19,788000,73.09666666666666,31,24833.333333333332,No,,3.0,0.0,0
CUST0498,72,Osun,Female,2,4G Router,2025-01-01,2025-01-01,1,3.0,Good,42,123000,14.135,10,14500.0,No,,3.0,0.0,0
CUST0499,41,Bayelsa,Female,1,5G Broadband Router,2025-03-01,2025-03-01,1,2.0,Fair,20,90000,154.13,10,9000.0,No,,1.0,0.0,0
CUST0500,67,Kebbi,Male,3,4G Router,2025-02-01,2025-02-01,1,4.0,Very Good,31,843500,129.72333333333333,40,19500.0,Yes,High Call Tarriffs,1.9,0.0,1
